{"cameraMode":{"drawMode":0,"name":"Shaded","section":"Shading Mode"},"sceneLighting":false,"audioPlay":false,"sceneViewState":{"m_AlwaysRefresh":false,"showFog":true,"showSkybox":false,"showFlares":true,"showImageEffects":true,"showParticleSystems":true,"showVisualEffectGraphs":true,"m_FxEnabled":true},"in2DMode":false,"pivot":{"x":0.375887930393219,"y":0.9169583320617676,"z":0.3252752423286438},"rotation":{"x":0.03461490944027901,"y":0.9643621444702148,"z":-0.16088305413722993,"w":0.20735953748226167},"size":0.516375720500946,"orthographic":false}