{"cameraMode":{"drawMode":0,"name":"Shaded","section":"Shading Mode"},"sceneLighting":false,"audioPlay":false,"sceneViewState":{"m_AlwaysRefresh":false,"showFog":true,"showSkybox":false,"showFlares":true,"showImageEffects":true,"showParticleSystems":true,"showVisualEffectGraphs":true,"m_FxEnabled":true},"in2DMode":false,"pivot":{"x":0.8899229168891907,"y":0.5935366749763489,"z":0.6860330104827881},"rotation":{"x":0.004678330384194851,"y":-0.7981009483337402,"z":0.00625893659889698,"w":0.6027067303657532},"size":0.4371451735496521,"orthographic":false}